"HITId","HITTypeId","Title","Description","Keywords","Reward","CreationTime","MaxAssignments","RequesterAnnotation","AssignmentDurationInSeconds","AutoApprovalDelayInSeconds","Expiration","NumberOfSimilarHITs","LifetimeInSeconds","AssignmentId","WorkerId","AssignmentStatus","AcceptTime","SubmitTime","AutoApprovalTime","ApprovalTime","RejectionTime","RequesterFeedback","WorkTimeInSeconds","LifetimeApprovalRate","Last30DaysApprovalRate","Last7DaysApprovalRate","Input.full_text","Answer.emotion.label","Approve","Reject"
"3QI9WAYOGQ58BYTOH4UTL69HDTG6SR","3K17V65Z3MTB787QKE0LDQZV1G9M8F","What emotion does this text convey?","What emotion does this text convey?","Happy/Joy, Excitement/Anticipation, Trust,  Fear,  Anger, Sadness","$0.01","Thu Mar 12 08:32:09 PDT 2020","3","BatchId:3953680;OriginalHitTemplateId:928390866;","240","172800","Sun Mar 15 08:32:09 PDT 2020","","","38SKSKU7R2R3MPRTQYBJV6HDLPSLID","A2PQV1A2D4CG52","Approved","Thu Mar 12 08:33:40 PDT 2020","Thu Mar 12 08:33:54 PDT 2020","Sat Mar 14 08:33:54 PDT 2020","Thu Mar 12 08:39:35 PDT 2020","","","14","100% (6/6)","100% (6/6)","100% (6/6)","Remember when @CourtneyMarieD1 made 100 jokes about Shelbys drug use and lied about SOMEBODYS age to get them into the discord with a NSFW section who we had to blocked QUICKLY over it? Then said its ok cus hes in anime porn groups? Because i do!","Sadness"
"3QI9WAYOGQ58BYTOH4UTL69HDTG6SR","3K17V65Z3MTB787QKE0LDQZV1G9M8F","What emotion does this text convey?","What emotion does this text convey?","Happy/Joy, Excitement/Anticipation, Trust,  Fear,  Anger, Sadness","$0.01","Thu Mar 12 08:32:09 PDT 2020","3","BatchId:3953680;OriginalHitTemplateId:928390866;","240","172800","Sun Mar 15 08:32:09 PDT 2020","","","3MAOD8E57R4Q0KJ91XRZB88HEXWNXH","A3P04JZJNOYILR","Approved","Thu Mar 12 08:33:15 PDT 2020","Thu Mar 12 08:35:04 PDT 2020","Sat Mar 14 08:35:04 PDT 2020","Thu Mar 12 08:39:36 PDT 2020","","","109","100% (16/16)","100% (16/16)","100% (16/16)","Remember when @CourtneyMarieD1 made 100 jokes about Shelbys drug use and lied about SOMEBODYS age to get them into the discord with a NSFW section who we had to blocked QUICKLY over it? Then said its ok cus hes in anime porn groups? Because i do!","Anger"
"3QI9WAYOGQ58BYTOH4UTL69HDTG6SR","3K17V65Z3MTB787QKE0LDQZV1G9M8F","What emotion does this text convey?","What emotion does this text convey?","Happy/Joy, Excitement/Anticipation, Trust,  Fear,  Anger, Sadness","$0.01","Thu Mar 12 08:32:09 PDT 2020","3","BatchId:3953680;OriginalHitTemplateId:928390866;","240","172800","Sun Mar 15 08:32:09 PDT 2020","","","3MB8LZR5BGNUSKHHQ1WV8MWQDTHLKO","AOG0PUCLMU0HH","Approved","Thu Mar 12 08:33:46 PDT 2020","Thu Mar 12 08:34:06 PDT 2020","Sat Mar 14 08:34:06 PDT 2020","Thu Mar 12 08:39:36 PDT 2020","","","20","100% (12/12)","100% (12/12)","100% (12/12)","Remember when @CourtneyMarieD1 made 100 jokes about Shelbys drug use and lied about SOMEBODYS age to get them into the discord with a NSFW section who we had to blocked QUICKLY over it? Then said its ok cus hes in anime porn groups? Because i do!","Anger"
"3TZDZ3Y0JS0VZXWS2SIL9FDADUB19D","3K17V65Z3MTB787QKE0LDQZV1G9M8F","What emotion does this text convey?","What emotion does this text convey?","Happy/Joy, Excitement/Anticipation, Trust,  Fear,  Anger, Sadness","$0.01","Thu Mar 12 08:32:09 PDT 2020","4","BatchId:3953680;OriginalHitTemplateId:928390866;","240","172800","Sun Mar 15 08:32:09 PDT 2020","","","3BWI6RSP7H3SRZ05QLKIRM1KYCGE7O","A23K0YTNUJ0GKR","Approved","Thu Mar 12 08:33:48 PDT 2020","Thu Mar 12 08:33:59 PDT 2020","Sat Mar 14 08:33:59 PDT 2020","Thu Mar 12 08:39:37 PDT 2020","","","11","100% (3/3)","100% (3/3)","100% (3/3)","littlecaesars why the hell i get gome with my pizza and crazy bread and my damn bread is raw!!!","Anger"
"3TZDZ3Y0JS0VZXWS2SIL9FDADUB19D","3K17V65Z3MTB787QKE0LDQZV1G9M8F","What emotion does this text convey?","What emotion does this text convey?","Happy/Joy, Excitement/Anticipation, Trust,  Fear,  Anger, Sadness","$0.01","Thu Mar 12 08:32:09 PDT 2020","4","BatchId:3953680;OriginalHitTemplateId:928390866;","240","172800","Sun Mar 15 08:32:09 PDT 2020","","","3DZQRBDBSM9B0Z40P41X3MTJU133S9","A3P04JZJNOYILR","Approved","Thu Mar 12 08:33:30 PDT 2020","Thu Mar 12 08:36:46 PDT 2020","Sat Mar 14 08:36:46 PDT 2020","Thu Mar 12 08:39:37 PDT 2020","","","196","100% (16/16)","100% (16/16)","100% (16/16)","littlecaesars why the hell i get gome with my pizza and crazy bread and my damn bread is raw!!!","Anger"
"3TZDZ3Y0JS0VZXWS2SIL9FDADUB19D","3K17V65Z3MTB787QKE0LDQZV1G9M8F","What emotion does this text convey?","What emotion does this text convey?","Happy/Joy, Excitement/Anticipation, Trust,  Fear,  Anger, Sadness","$0.01","Thu Mar 12 08:32:09 PDT 2020","4","BatchId:3953680;OriginalHitTemplateId:928390866;","240","172800","Sun Mar 15 08:32:09 PDT 2020","","","3PXX5PX6LYSC3YMJNXUC05XPWN9BAC","AR50CINXSSJMS","Rejected","Thu Mar 12 08:32:55 PDT 2020","Thu Mar 12 08:34:23 PDT 2020","Sat Mar 14 08:34:23 PDT 2020","","Thu Mar 12 08:38:25 PDT 2020","wrong","88","0% (0/1)","0% (0/1)","0% (0/1)","littlecaesars why the hell i get gome with my pizza and crazy bread and my damn bread is raw!!!","Trust / Faith"
"3TZDZ3Y0JS0VZXWS2SIL9FDADUB19D","3K17V65Z3MTB787QKE0LDQZV1G9M8F","What emotion does this text convey?","What emotion does this text convey?","Happy/Joy, Excitement/Anticipation, Trust,  Fear,  Anger, Sadness","$0.01","Thu Mar 12 08:32:09 PDT 2020","4","BatchId:3953680;OriginalHitTemplateId:928390866;","240","172800","Sun Mar 15 08:32:09 PDT 2020","","","3WJEQKOXA9WBQ04RL01NUTKGABJ1AK","AE3OGDBIWGFCS","Approved","Thu Mar 12 08:39:00 PDT 2020","Thu Mar 12 08:39:15 PDT 2020","Sat Mar 14 08:39:15 PDT 2020","Thu Mar 12 08:39:46 PDT 2020","","","15","100% (2/2)","100% (2/2)","100% (2/2)","littlecaesars why the hell i get gome with my pizza and crazy bread and my damn bread is raw!!!","Anger"
"3F6045TU7DIDO2ZN65XEOLVTB6Z99U","3K17V65Z3MTB787QKE0LDQZV1G9M8F","What emotion does this text convey?","What emotion does this text convey?","Happy/Joy, Excitement/Anticipation, Trust,  Fear,  Anger, Sadness","$0.01","Thu Mar 12 08:32:09 PDT 2020","3","BatchId:3953680;OriginalHitTemplateId:928390866;","240","172800","Sun Mar 15 08:32:09 PDT 2020","","","36PW28KO40QAA1Y3XOW21D3AZKMEAF","A2PQV1A2D4CG52","Approved","Thu Mar 12 08:33:55 PDT 2020","Thu Mar 12 08:34:06 PDT 2020","Sat Mar 14 08:34:06 PDT 2020","Thu Mar 12 08:39:33 PDT 2020","","","11","100% (6/6)","100% (6/6)","100% (6/6)","Scared...Angry??? Afraid of what might happen if...WATCH FULL VID on Luke 1:8- 17 The Last Qumranian Time Travel has been stolen to stop the birth of Christ.","Anger"
"3F6045TU7DIDO2ZN65XEOLVTB6Z99U","3K17V65Z3MTB787QKE0LDQZV1G9M8F","What emotion does this text convey?","What emotion does this text convey?","Happy/Joy, Excitement/Anticipation, Trust,  Fear,  Anger, Sadness","$0.01","Thu Mar 12 08:32:09 PDT 2020","3","BatchId:3953680;OriginalHitTemplateId:928390866;","240","172800","Sun Mar 15 08:32:09 PDT 2020","","","3EA3QWIZ4JPR52ZYZ7DAHXRUF2EITD","A3P04JZJNOYILR","Approved","Thu Mar 12 08:33:26 PDT 2020","Thu Mar 12 08:36:17 PDT 2020","Sat Mar 14 08:36:17 PDT 2020","Thu Mar 12 08:39:33 PDT 2020","","","171","100% (16/16)","100% (16/16)","100% (16/16)","Scared...Angry??? Afraid of what might happen if...WATCH FULL VID on Luke 1:8- 17 The Last Qumranian Time Travel has been stolen to stop the birth of Christ.","Anger"
"3F6045TU7DIDO2ZN65XEOLVTB6Z99U","3K17V65Z3MTB787QKE0LDQZV1G9M8F","What emotion does this text convey?","What emotion does this text convey?","Happy/Joy, Excitement/Anticipation, Trust,  Fear,  Anger, Sadness","$0.01","Thu Mar 12 08:32:09 PDT 2020","3","BatchId:3953680;OriginalHitTemplateId:928390866;","240","172800","Sun Mar 15 08:32:09 PDT 2020","","","3HHRAGRYX9ZIH91NZWLYAUM4X4AO9E","ATBGHQ2VYNIVZ","Approved","Thu Mar 12 08:33:40 PDT 2020","Thu Mar 12 08:33:50 PDT 2020","Sat Mar 14 08:33:50 PDT 2020","Thu Mar 12 08:39:33 PDT 2020","","","10","100% (9/9)","100% (9/9)","100% (9/9)","Scared...Angry??? Afraid of what might happen if...WATCH FULL VID on Luke 1:8- 17 The Last Qumranian Time Travel has been stolen to stop the birth of Christ.","Trust / Faith"
"3SA4EMRVJVWGKVRHNYAIH0UFD6MP0S","3K17V65Z3MTB787QKE0LDQZV1G9M8F","What emotion does this text convey?","What emotion does this text convey?","Happy/Joy, Excitement/Anticipation, Trust,  Fear,  Anger, Sadness","$0.01","Thu Mar 12 08:32:09 PDT 2020","3","BatchId:3953680;OriginalHitTemplateId:928390866;","240","172800","Sun Mar 15 08:32:09 PDT 2020","","","3M0BCWMB8WQ9ABPMO2Q4IUUGO6CBWN","A3P04JZJNOYILR","Approved","Thu Mar 12 08:33:30 PDT 2020","Thu Mar 12 08:33:38 PDT 2020","Sat Mar 14 08:33:38 PDT 2020","Thu Mar 12 08:39:36 PDT 2020","","","8","100% (16/16)","100% (16/16)","100% (16/16)","I am angry and disappointed that @realjoeswash won @dancingonice. @perrikiely was robbed. What a fix","Anger"
"3SA4EMRVJVWGKVRHNYAIH0UFD6MP0S","3K17V65Z3MTB787QKE0LDQZV1G9M8F","What emotion does this text convey?","What emotion does this text convey?","Happy/Joy, Excitement/Anticipation, Trust,  Fear,  Anger, Sadness","$0.01","Thu Mar 12 08:32:09 PDT 2020","3","BatchId:3953680;OriginalHitTemplateId:928390866;","240","172800","Sun Mar 15 08:32:09 PDT 2020","","","3M68NM076I1YW3R5THZQKF07IQM6RU","AOG0PUCLMU0HH","Approved","Thu Mar 12 08:33:27 PDT 2020","Thu Mar 12 08:33:30 PDT 2020","Sat Mar 14 08:33:30 PDT 2020","Thu Mar 12 08:39:37 PDT 2020","","","3","100% (12/12)","100% (12/12)","100% (12/12)","I am angry and disappointed that @realjoeswash won @dancingonice. @perrikiely was robbed. What a fix","Anger"
"3SA4EMRVJVWGKVRHNYAIH0UFD6MP0S","3K17V65Z3MTB787QKE0LDQZV1G9M8F","What emotion does this text convey?","What emotion does this text convey?","Happy/Joy, Excitement/Anticipation, Trust,  Fear,  Anger, Sadness","$0.01","Thu Mar 12 08:32:09 PDT 2020","3","BatchId:3953680;OriginalHitTemplateId:928390866;","240","172800","Sun Mar 15 08:32:09 PDT 2020","","","3MRNMEIQW60MEEB7YKA84910TKKLDB","ATBGHQ2VYNIVZ","Approved","Thu Mar 12 08:33:29 PDT 2020","Thu Mar 12 08:33:40 PDT 2020","Sat Mar 14 08:33:40 PDT 2020","Thu Mar 12 08:39:37 PDT 2020","","","11","100% (9/9)","100% (9/9)","100% (9/9)","I am angry and disappointed that @realjoeswash won @dancingonice. @perrikiely was robbed. What a fix","Anger"
"3FTID4TN8LSNQ5843ESKSBFFK90YL4","3K17V65Z3MTB787QKE0LDQZV1G9M8F","What emotion does this text convey?","What emotion does this text convey?","Happy/Joy, Excitement/Anticipation, Trust,  Fear,  Anger, Sadness","$0.01","Thu Mar 12 08:32:09 PDT 2020","3","BatchId:3953680;OriginalHitTemplateId:928390866;","240","172800","Sun Mar 15 08:32:09 PDT 2020","","","34J10VATJGSEDM76I3JFCSG7VVFIQZ","A2PQV1A2D4CG52","Approved","Thu Mar 12 08:33:18 PDT 2020","Thu Mar 12 08:33:29 PDT 2020","Sat Mar 14 08:33:29 PDT 2020","Thu Mar 12 08:39:33 PDT 2020","","","11","100% (6/6)","100% (6/6)","100% (6/6)","Look, call us Bernie Bros. Call us angry. Call us whatever you want. If destroying our planet, people dying for lack of healthcare, endless wars, debt laden education doesn't cause your anger, you are probably a numb zombie. ","Anger"
"3FTID4TN8LSNQ5843ESKSBFFK90YL4","3K17V65Z3MTB787QKE0LDQZV1G9M8F","What emotion does this text convey?","What emotion does this text convey?","Happy/Joy, Excitement/Anticipation, Trust,  Fear,  Anger, Sadness","$0.01","Thu Mar 12 08:32:09 PDT 2020","3","BatchId:3953680;OriginalHitTemplateId:928390866;","240","172800","Sun Mar 15 08:32:09 PDT 2020","","","3D3VGR7TA19ZZK4NAF1SDCON8ZK3RL","A3P04JZJNOYILR","Approved","Thu Mar 12 08:33:23 PDT 2020","Thu Mar 12 08:35:56 PDT 2020","Sat Mar 14 08:35:56 PDT 2020","Thu Mar 12 08:39:33 PDT 2020","","","153","100% (16/16)","100% (16/16)","100% (16/16)","Look, call us Bernie Bros. Call us angry. Call us whatever you want. If destroying our planet, people dying for lack of healthcare, endless wars, debt laden education doesn't cause your anger, you are probably a numb zombie. ","Anger"
"3FTID4TN8LSNQ5843ESKSBFFK90YL4","3K17V65Z3MTB787QKE0LDQZV1G9M8F","What emotion does this text convey?","What emotion does this text convey?","Happy/Joy, Excitement/Anticipation, Trust,  Fear,  Anger, Sadness","$0.01","Thu Mar 12 08:32:09 PDT 2020","3","BatchId:3953680;OriginalHitTemplateId:928390866;","240","172800","Sun Mar 15 08:32:09 PDT 2020","","","3ZQIG0FLQFAOJPNSTJH4J6ONRYRVWC","A324M5ZRHX7RUV","Approved","Thu Mar 12 08:32:48 PDT 2020","Thu Mar 12 08:33:05 PDT 2020","Sat Mar 14 08:33:05 PDT 2020","Thu Mar 12 08:39:34 PDT 2020","","","17","100% (1/1)","100% (1/1)","100% (1/1)","Look, call us Bernie Bros. Call us angry. Call us whatever you want. If destroying our planet, people dying for lack of healthcare, endless wars, debt laden education doesn't cause your anger, you are probably a numb zombie. ","Anger"
"33W1NHWFYHFBE8QE89WUS9YYKGQTZT","3K17V65Z3MTB787QKE0LDQZV1G9M8F","What emotion does this text convey?","What emotion does this text convey?","Happy/Joy, Excitement/Anticipation, Trust,  Fear,  Anger, Sadness","$0.01","Thu Mar 12 08:32:09 PDT 2020","3","BatchId:3953680;OriginalHitTemplateId:928390866;","240","172800","Sun Mar 15 08:32:09 PDT 2020","","","33FOTY3KENFZJF1P5EXE0OA4AE3C1W","ATBGHQ2VYNIVZ","Approved","Thu Mar 12 08:33:50 PDT 2020","Thu Mar 12 08:33:55 PDT 2020","Sat Mar 14 08:33:55 PDT 2020","Thu Mar 12 08:39:32 PDT 2020","","","5","100% (9/9)","100% (9/9)","100% (9/9)","I'm angry…","Anger"
"33W1NHWFYHFBE8QE89WUS9YYKGQTZT","3K17V65Z3MTB787QKE0LDQZV1G9M8F","What emotion does this text convey?","What emotion does this text convey?","Happy/Joy, Excitement/Anticipation, Trust,  Fear,  Anger, Sadness","$0.01","Thu Mar 12 08:32:09 PDT 2020","3","BatchId:3953680;OriginalHitTemplateId:928390866;","240","172800","Sun Mar 15 08:32:09 PDT 2020","","","3IFS6Q0HJJDQQ2MJA78K7SV8DJ0ISO","A3P04JZJNOYILR","Approved","Thu Mar 12 08:33:24 PDT 2020","Thu Mar 12 08:36:04 PDT 2020","Sat Mar 14 08:36:04 PDT 2020","Thu Mar 12 08:39:32 PDT 2020","","","160","100% (16/16)","100% (16/16)","100% (16/16)","I'm angry…","Anger"
"33W1NHWFYHFBE8QE89WUS9YYKGQTZT","3K17V65Z3MTB787QKE0LDQZV1G9M8F","What emotion does this text convey?","What emotion does this text convey?","Happy/Joy, Excitement/Anticipation, Trust,  Fear,  Anger, Sadness","$0.01","Thu Mar 12 08:32:09 PDT 2020","3","BatchId:3953680;OriginalHitTemplateId:928390866;","240","172800","Sun Mar 15 08:32:09 PDT 2020","","","3ZV9H2YQQE147GL999BY0BW40EZ3WO","A23K0YTNUJ0GKR","Approved","Thu Mar 12 08:33:40 PDT 2020","Thu Mar 12 08:33:48 PDT 2020","Sat Mar 14 08:33:48 PDT 2020","Thu Mar 12 08:39:32 PDT 2020","","","8","100% (3/3)","100% (3/3)","100% (3/3)","I'm angry…","Anger"
"3MDKGGG61QH9QY6364ZJVB53FCU6TG","3K17V65Z3MTB787QKE0LDQZV1G9M8F","What emotion does this text convey?","What emotion does this text convey?","Happy/Joy, Excitement/Anticipation, Trust,  Fear,  Anger, Sadness","$0.01","Thu Mar 12 08:32:09 PDT 2020","4","BatchId:3953680;OriginalHitTemplateId:928390866;","240","172800","Sun Mar 15 08:32:09 PDT 2020","","","3GD6L00D3TRCS1DGI3RS3KFG4S81M4","A19NQCJKNO6WUZ","Approved","Thu Mar 12 08:35:56 PDT 2020","Thu Mar 12 08:36:52 PDT 2020","Sat Mar 14 08:36:52 PDT 2020","Thu Mar 12 08:39:34 PDT 2020","","","56","100% (1/1)","100% (1/1)","100% (1/1)","sidrosenberg Flirtyflipper Had a 7 day time out cuz apparently lines or jokes I write about people were reported as"" hate"" speech when I of course isn't hateful .. I'm just angry","Anger"
"3MDKGGG61QH9QY6364ZJVB53FCU6TG","3K17V65Z3MTB787QKE0LDQZV1G9M8F","What emotion does this text convey?","What emotion does this text convey?","Happy/Joy, Excitement/Anticipation, Trust,  Fear,  Anger, Sadness","$0.01","Thu Mar 12 08:32:09 PDT 2020","4","BatchId:3953680;OriginalHitTemplateId:928390866;","240","172800","Sun Mar 15 08:32:09 PDT 2020","","","3LO69W1SU47PQYLY0ABGAU4X6C0LGL","A2TZAXWOB3JMNV","Approved","Thu Mar 12 08:33:37 PDT 2020","Thu Mar 12 08:33:45 PDT 2020","Sat Mar 14 08:33:45 PDT 2020","Thu Mar 12 08:39:35 PDT 2020","","","8","100% (20/20)","100% (20/20)","100% (20/20)","sidrosenberg Flirtyflipper Had a 7 day time out cuz apparently lines or jokes I write about people were reported as"" hate"" speech when I of course isn't hateful .. I'm just angry","Anger"
"3MDKGGG61QH9QY6364ZJVB53FCU6TG","3K17V65Z3MTB787QKE0LDQZV1G9M8F","What emotion does this text convey?","What emotion does this text convey?","Happy/Joy, Excitement/Anticipation, Trust,  Fear,  Anger, Sadness","$0.01","Thu Mar 12 08:32:09 PDT 2020","4","BatchId:3953680;OriginalHitTemplateId:928390866;","240","172800","Sun Mar 15 08:32:09 PDT 2020","","","3PQMUDRV7S01WOJN5VE63QPL4LYIIW","A37L5E8MHHQGZM","Rejected","Thu Mar 12 08:33:14 PDT 2020","Thu Mar 12 08:33:19 PDT 2020","Sat Mar 14 08:33:19 PDT 2020","","Thu Mar 12 08:35:51 PDT 2020","wrong","5","0% (0/1)","0% (0/1)","0% (0/1)","sidrosenberg Flirtyflipper Had a 7 day time out cuz apparently lines or jokes I write about people were reported as"" hate"" speech when I of course isn't hateful .. I'm just angry","Happiness / Joy"
"3MDKGGG61QH9QY6364ZJVB53FCU6TG","3K17V65Z3MTB787QKE0LDQZV1G9M8F","What emotion does this text convey?","What emotion does this text convey?","Happy/Joy, Excitement/Anticipation, Trust,  Fear,  Anger, Sadness","$0.01","Thu Mar 12 08:32:09 PDT 2020","4","BatchId:3953680;OriginalHitTemplateId:928390866;","240","172800","Sun Mar 15 08:32:09 PDT 2020","","","3RANCT1ZVGBWI70HT2B3069J3Q1BUO","A3P04JZJNOYILR","Approved","Thu Mar 12 08:33:28 PDT 2020","Thu Mar 12 08:36:38 PDT 2020","Sat Mar 14 08:36:38 PDT 2020","Thu Mar 12 08:39:35 PDT 2020","","","190","100% (16/16)","100% (16/16)","100% (16/16)","sidrosenberg Flirtyflipper Had a 7 day time out cuz apparently lines or jokes I write about people were reported as"" hate"" speech when I of course isn't hateful .. I'm just angry","Anger"
"3MDWE879UHWWCVEK4PBAFRQJZ62B96","3K17V65Z3MTB787QKE0LDQZV1G9M8F","What emotion does this text convey?","What emotion does this text convey?","Happy/Joy, Excitement/Anticipation, Trust,  Fear,  Anger, Sadness","$0.01","Thu Mar 12 08:32:09 PDT 2020","3","BatchId:3953680;OriginalHitTemplateId:928390866;","240","172800","Sun Mar 15 08:32:09 PDT 2020","","","34S9DKFK74JF0P9J6TD1UMFQG3QNYN","A3P04JZJNOYILR","Approved","Thu Mar 12 08:33:16 PDT 2020","Thu Mar 12 08:33:29 PDT 2020","Sat Mar 14 08:33:29 PDT 2020","Thu Mar 12 08:39:35 PDT 2020","","","13","100% (16/16)","100% (16/16)","100% (16/16)","#SayWhat I saw"" Angry Black Women"" trending on Twitter...And that made me even more Angry AngryBlackWomen I'm so tired of hearing that word!! ","Anger"
"3MDWE879UHWWCVEK4PBAFRQJZ62B96","3K17V65Z3MTB787QKE0LDQZV1G9M8F","What emotion does this text convey?","What emotion does this text convey?","Happy/Joy, Excitement/Anticipation, Trust,  Fear,  Anger, Sadness","$0.01","Thu Mar 12 08:32:09 PDT 2020","3","BatchId:3953680;OriginalHitTemplateId:928390866;","240","172800","Sun Mar 15 08:32:09 PDT 2020","","","39GXDJN2OU8DTORAVG1Y5QL19RP8VB","A2TZAXWOB3JMNV","Approved","Thu Mar 12 08:33:12 PDT 2020","Thu Mar 12 08:33:21 PDT 2020","Sat Mar 14 08:33:21 PDT 2020","Thu Mar 12 08:39:35 PDT 2020","","","9","100% (20/20)","100% (20/20)","100% (20/20)","#SayWhat I saw"" Angry Black Women"" trending on Twitter...And that made me even more Angry AngryBlackWomen I'm so tired of hearing that word!! ","Anger"
"3MDWE879UHWWCVEK4PBAFRQJZ62B96","3K17V65Z3MTB787QKE0LDQZV1G9M8F","What emotion does this text convey?","What emotion does this text convey?","Happy/Joy, Excitement/Anticipation, Trust,  Fear,  Anger, Sadness","$0.01","Thu Mar 12 08:32:09 PDT 2020","3","BatchId:3953680;OriginalHitTemplateId:928390866;","240","172800","Sun Mar 15 08:32:09 PDT 2020","","","3H7Z272LX81V3BEX3T1343IP73NLPP","ATBGHQ2VYNIVZ","Approved","Thu Mar 12 08:33:56 PDT 2020","Thu Mar 12 08:34:04 PDT 2020","Sat Mar 14 08:34:04 PDT 2020","Thu Mar 12 08:39:35 PDT 2020","","","8","100% (9/9)","100% (9/9)","100% (9/9)","#SayWhat I saw"" Angry Black Women"" trending on Twitter...And that made me even more Angry AngryBlackWomen I'm so tired of hearing that word!! ","Anger"
"3M67TQBQQHIRTL9SYBBEKG6DHOH9A9","3K17V65Z3MTB787QKE0LDQZV1G9M8F","What emotion does this text convey?","What emotion does this text convey?","Happy/Joy, Excitement/Anticipation, Trust,  Fear,  Anger, Sadness","$0.01","Thu Mar 12 08:32:10 PDT 2020","4","BatchId:3953680;OriginalHitTemplateId:928390866;","240","172800","Sun Mar 15 08:32:10 PDT 2020","","","320DUZ38G8GJV8XYXPZ3UFR52NWJGI","A1TIO97G4K0ZFF","Rejected","Thu Mar 12 08:39:49 PDT 2020","Thu Mar 12 08:40:00 PDT 2020","Sat Mar 14 08:40:00 PDT 2020","","Thu Mar 12 08:43:08 PDT 2020","wrong","11","75% (3/4)","75% (3/4)","75% (3/4)","megnets Well I hope he had a tie on because someone with one of those useless degrees designed that. This makes makes me so mad","Fear"
"3M67TQBQQHIRTL9SYBBEKG6DHOH9A9","3K17V65Z3MTB787QKE0LDQZV1G9M8F","What emotion does this text convey?","What emotion does this text convey?","Happy/Joy, Excitement/Anticipation, Trust,  Fear,  Anger, Sadness","$0.01","Thu Mar 12 08:32:10 PDT 2020","4","BatchId:3953680;OriginalHitTemplateId:928390866;","240","172800","Sun Mar 15 08:32:10 PDT 2020","","","358010RM5FN38PSI3ODQLP2U000XVA","A2QGNZ4WU914YU","Approved","Thu Mar 12 08:44:19 PDT 2020","Thu Mar 12 08:44:25 PDT 2020","Sat Mar 14 08:44:25 PDT 2020","Thu Mar 12 08:46:28 PDT 2020","","","6","100% (1/1)","100% (1/1)","100% (1/1)","megnets Well I hope he had a tie on because someone with one of those useless degrees designed that. This makes makes me so mad","Anger"
"3M67TQBQQHIRTL9SYBBEKG6DHOH9A9","3K17V65Z3MTB787QKE0LDQZV1G9M8F","What emotion does this text convey?","What emotion does this text convey?","Happy/Joy, Excitement/Anticipation, Trust,  Fear,  Anger, Sadness","$0.01","Thu Mar 12 08:32:10 PDT 2020","4","BatchId:3953680;OriginalHitTemplateId:928390866;","240","172800","Sun Mar 15 08:32:10 PDT 2020","","","3QHK8ZVMINCTZHDNKOJ29JD0QZ8BLU","A3P04JZJNOYILR","Approved","Thu Mar 12 08:33:11 PDT 2020","Thu Mar 12 08:34:30 PDT 2020","Sat Mar 14 08:34:30 PDT 2020","Thu Mar 12 08:39:34 PDT 2020","","","79","100% (16/16)","100% (16/16)","100% (16/16)","megnets Well I hope he had a tie on because someone with one of those useless degrees designed that. This makes makes me so mad","Anger"
"3M67TQBQQHIRTL9SYBBEKG6DHOH9A9","3K17V65Z3MTB787QKE0LDQZV1G9M8F","What emotion does this text convey?","What emotion does this text convey?","Happy/Joy, Excitement/Anticipation, Trust,  Fear,  Anger, Sadness","$0.01","Thu Mar 12 08:32:10 PDT 2020","4","BatchId:3953680;OriginalHitTemplateId:928390866;","240","172800","Sun Mar 15 08:32:10 PDT 2020","","","3VD82FOHKRIKF78QBGVPCKNC3PDOCV","A2TZAXWOB3JMNV","Approved","Thu Mar 12 08:33:59 PDT 2020","Thu Mar 12 08:34:06 PDT 2020","Sat Mar 14 08:34:06 PDT 2020","Thu Mar 12 08:39:34 PDT 2020","","","7","100% (20/20)","100% (20/20)","100% (20/20)","megnets Well I hope he had a tie on because someone with one of those useless degrees designed that. This makes makes me so mad","Anger"
"3Y3N5A7N4G37WNQP3QTZSOU4KEQYM6","3K17V65Z3MTB787QKE0LDQZV1G9M8F","What emotion does this text convey?","What emotion does this text convey?","Happy/Joy, Excitement/Anticipation, Trust,  Fear,  Anger, Sadness","$0.01","Thu Mar 12 08:32:10 PDT 2020","3","BatchId:3953680;OriginalHitTemplateId:928390866;","240","172800","Sun Mar 15 08:32:10 PDT 2020","","","3P4RDNWND60XRZ3TNDZ6FR4LH0NIJ8","A1TIO97G4K0ZFF","Approved","Thu Mar 12 08:33:05 PDT 2020","Thu Mar 12 08:33:21 PDT 2020","Sat Mar 14 08:33:21 PDT 2020","Thu Mar 12 08:39:37 PDT 2020","","","16","75% (3/4)","75% (3/4)","75% (3/4)","Anger and its Consequences","Anger"
"3Y3N5A7N4G37WNQP3QTZSOU4KEQYM6","3K17V65Z3MTB787QKE0LDQZV1G9M8F","What emotion does this text convey?","What emotion does this text convey?","Happy/Joy, Excitement/Anticipation, Trust,  Fear,  Anger, Sadness","$0.01","Thu Mar 12 08:32:10 PDT 2020","3","BatchId:3953680;OriginalHitTemplateId:928390866;","240","172800","Sun Mar 15 08:32:10 PDT 2020","","","3QEMNNSB2YTNZTM5UQ9YL4JZY0I7DR","A3F9N2P4NUUR7S","Approved","Thu Mar 12 08:43:46 PDT 2020","Thu Mar 12 08:44:21 PDT 2020","Sat Mar 14 08:44:21 PDT 2020","Thu Mar 12 08:46:28 PDT 2020","","","35","100% (12/12)","100% (12/12)","100% (12/12)","Anger and its Consequences","Anger"
"3Y3N5A7N4G37WNQP3QTZSOU4KEQYM6","3K17V65Z3MTB787QKE0LDQZV1G9M8F","What emotion does this text convey?","What emotion does this text convey?","Happy/Joy, Excitement/Anticipation, Trust,  Fear,  Anger, Sadness","$0.01","Thu Mar 12 08:32:10 PDT 2020","3","BatchId:3953680;OriginalHitTemplateId:928390866;","240","172800","Sun Mar 15 08:32:10 PDT 2020","","","3TPZPLC3M16EN7O8XNX38HO87HW3PT","AOG0PUCLMU0HH","Approved","Thu Mar 12 08:33:19 PDT 2020","Thu Mar 12 08:33:25 PDT 2020","Sat Mar 14 08:33:25 PDT 2020","Thu Mar 12 08:39:37 PDT 2020","","","6","100% (12/12)","100% (12/12)","100% (12/12)","Anger and its Consequences","Anger"
"39WICJI5ATM6FRSKTUQ3AWU0QHE3ZN","3K17V65Z3MTB787QKE0LDQZV1G9M8F","What emotion does this text convey?","What emotion does this text convey?","Happy/Joy, Excitement/Anticipation, Trust,  Fear,  Anger, Sadness","$0.01","Thu Mar 12 08:32:10 PDT 2020","3","BatchId:3953680;OriginalHitTemplateId:928390866;","240","172800","Sun Mar 15 08:32:10 PDT 2020","","","3EQHHY4HQTMBO9ID8NV9T580KM0G5S","ATBGHQ2VYNIVZ","Approved","Thu Mar 12 08:32:58 PDT 2020","Thu Mar 12 08:33:10 PDT 2020","Sat Mar 14 08:33:10 PDT 2020","Thu Mar 12 08:39:33 PDT 2020","","","12","100% (9/9)","100% (9/9)","100% (9/9)","I have discussed and sorted the problem you people KEEP contacting me about. If you can't all talk between yourselves then screw you. My mental health is bad enough with everything so stop making it a million times worse","Anger"
"39WICJI5ATM6FRSKTUQ3AWU0QHE3ZN","3K17V65Z3MTB787QKE0LDQZV1G9M8F","What emotion does this text convey?","What emotion does this text convey?","Happy/Joy, Excitement/Anticipation, Trust,  Fear,  Anger, Sadness","$0.01","Thu Mar 12 08:32:10 PDT 2020","3","BatchId:3953680;OriginalHitTemplateId:928390866;","240","172800","Sun Mar 15 08:32:10 PDT 2020","","","3II4UPYCOK1X5BRKQPI4LV0U3Q7DQS","A3P04JZJNOYILR","Approved","Thu Mar 12 08:33:08 PDT 2020","Thu Mar 12 08:34:01 PDT 2020","Sat Mar 14 08:34:01 PDT 2020","Thu Mar 12 08:39:33 PDT 2020","","","53","100% (16/16)","100% (16/16)","100% (16/16)","I have discussed and sorted the problem you people KEEP contacting me about. If you can't all talk between yourselves then screw you. My mental health is bad enough with everything so stop making it a million times worse","Sadness"
"39WICJI5ATM6FRSKTUQ3AWU0QHE3ZN","3K17V65Z3MTB787QKE0LDQZV1G9M8F","What emotion does this text convey?","What emotion does this text convey?","Happy/Joy, Excitement/Anticipation, Trust,  Fear,  Anger, Sadness","$0.01","Thu Mar 12 08:32:10 PDT 2020","3","BatchId:3953680;OriginalHitTemplateId:928390866;","240","172800","Sun Mar 15 08:32:10 PDT 2020","","","3TDXMTX3CCOL34OM3U5H6NZGVU36IQ","A1TIO97G4K0ZFF","Approved","Thu Mar 12 08:33:14 PDT 2020","Thu Mar 12 08:33:27 PDT 2020","Sat Mar 14 08:33:27 PDT 2020","Thu Mar 12 08:39:33 PDT 2020","","","13","75% (3/4)","75% (3/4)","75% (3/4)","I have discussed and sorted the problem you people KEEP contacting me about. If you can't all talk between yourselves then screw you. My mental health is bad enough with everything so stop making it a million times worse","Anger"
"30ZKOOGW2W094G6XUYWL5AOUJCT1AS","3K17V65Z3MTB787QKE0LDQZV1G9M8F","What emotion does this text convey?","What emotion does this text convey?","Happy/Joy, Excitement/Anticipation, Trust,  Fear,  Anger, Sadness","$0.01","Thu Mar 12 08:32:10 PDT 2020","3","BatchId:3953680;OriginalHitTemplateId:928390866;","240","172800","Sun Mar 15 08:32:10 PDT 2020","","","3GFK2QRXXAB7LV8DNSZRF8UOEAQ5WG","ANS8B7J9GNA2W","Approved","Thu Mar 12 08:32:33 PDT 2020","Thu Mar 12 08:34:37 PDT 2020","Sat Mar 14 08:34:37 PDT 2020","Thu Mar 12 08:39:31 PDT 2020","","","124","100% (2/2)","100% (2/2)","100% (2/2)","I am in a fighting mood pretty much every day - having an ongoing row with my dentist, had a row with the optician this morning and a few spars with others. ","Sadness"
"30ZKOOGW2W094G6XUYWL5AOUJCT1AS","3K17V65Z3MTB787QKE0LDQZV1G9M8F","What emotion does this text convey?","What emotion does this text convey?","Happy/Joy, Excitement/Anticipation, Trust,  Fear,  Anger, Sadness","$0.01","Thu Mar 12 08:32:10 PDT 2020","3","BatchId:3953680;OriginalHitTemplateId:928390866;","240","172800","Sun Mar 15 08:32:10 PDT 2020","","","3OCHAWUVGPEPSEY64KZJJGRDK2RKX9","A1TIO97G4K0ZFF","Approved","Thu Mar 12 08:32:52 PDT 2020","Thu Mar 12 08:33:14 PDT 2020","Sat Mar 14 08:33:14 PDT 2020","Thu Mar 12 08:39:31 PDT 2020","","","22","75% (3/4)","75% (3/4)","75% (3/4)","I am in a fighting mood pretty much every day - having an ongoing row with my dentist, had a row with the optician this morning and a few spars with others. ","Fear"
"30ZKOOGW2W094G6XUYWL5AOUJCT1AS","3K17V65Z3MTB787QKE0LDQZV1G9M8F","What emotion does this text convey?","What emotion does this text convey?","Happy/Joy, Excitement/Anticipation, Trust,  Fear,  Anger, Sadness","$0.01","Thu Mar 12 08:32:10 PDT 2020","3","BatchId:3953680;OriginalHitTemplateId:928390866;","240","172800","Sun Mar 15 08:32:10 PDT 2020","","","3U4J9857OF5UKWOLGUISQEVZVF3B7L","A5E2P5F1AXYZ1","Approved","Thu Mar 12 08:32:53 PDT 2020","Thu Mar 12 08:33:08 PDT 2020","Sat Mar 14 08:33:08 PDT 2020","Thu Mar 12 08:39:31 PDT 2020","","","15","100% (3/3)","100% (3/3)","100% (3/3)","I am in a fighting mood pretty much every day - having an ongoing row with my dentist, had a row with the optician this morning and a few spars with others. ","Anger"
"3MDWE879UHWWCVEK4PBAFRQJZ629B4","3K17V65Z3MTB787QKE0LDQZV1G9M8F","What emotion does this text convey?","What emotion does this text convey?","Happy/Joy, Excitement/Anticipation, Trust,  Fear,  Anger, Sadness","$0.01","Thu Mar 12 08:32:10 PDT 2020","3","BatchId:3953680;OriginalHitTemplateId:928390866;","240","172800","Sun Mar 15 08:32:10 PDT 2020","","","304SM51WA4YG3U8D4XG3L5RVITGSBP","ATPXLMZRF6Q1C","Approved","Thu Mar 12 08:36:32 PDT 2020","Thu Mar 12 08:39:10 PDT 2020","Sat Mar 14 08:39:10 PDT 2020","Thu Mar 12 08:39:46 PDT 2020","","","158","100% (1/1)","100% (1/1)","100% (1/1)","What in the actual hell? I am at a lost for words. I was really looking forward to a group day out to see this but unfortunately it’s about corona virus so why not just postpone every other major studio film.","Anger"
"3MDWE879UHWWCVEK4PBAFRQJZ629B4","3K17V65Z3MTB787QKE0LDQZV1G9M8F","What emotion does this text convey?","What emotion does this text convey?","Happy/Joy, Excitement/Anticipation, Trust,  Fear,  Anger, Sadness","$0.01","Thu Mar 12 08:32:10 PDT 2020","3","BatchId:3953680;OriginalHitTemplateId:928390866;","240","172800","Sun Mar 15 08:32:10 PDT 2020","","","3AMW0RGHOEWLRBHIF6HIHVMECYNNPT","A37SZMJSY781LD","Approved","Thu Mar 12 08:33:30 PDT 2020","Thu Mar 12 08:34:02 PDT 2020","Sat Mar 14 08:34:02 PDT 2020","Thu Mar 12 08:39:35 PDT 2020","","","32","100% (4/4)","100% (4/4)","100% (4/4)","What in the actual hell? I am at a lost for words. I was really looking forward to a group day out to see this but unfortunately it’s about corona virus so why not just postpone every other major studio film.","Sadness"
"3MDWE879UHWWCVEK4PBAFRQJZ629B4","3K17V65Z3MTB787QKE0LDQZV1G9M8F","What emotion does this text convey?","What emotion does this text convey?","Happy/Joy, Excitement/Anticipation, Trust,  Fear,  Anger, Sadness","$0.01","Thu Mar 12 08:32:10 PDT 2020","3","BatchId:3953680;OriginalHitTemplateId:928390866;","240","172800","Sun Mar 15 08:32:10 PDT 2020","","","3CCZ6YKWR8DW9ZV5UHPZ1OMDG9595U","A2PQV1A2D4CG52","Approved","Thu Mar 12 08:33:30 PDT 2020","Thu Mar 12 08:33:45 PDT 2020","Sat Mar 14 08:33:45 PDT 2020","Thu Mar 12 08:39:35 PDT 2020","","","15","100% (6/6)","100% (6/6)","100% (6/6)","What in the actual hell? I am at a lost for words. I was really looking forward to a group day out to see this but unfortunately it’s about corona virus so why not just postpone every other major studio film.","Fear"
"33QQ60S6ASCTC0ZD4K9CR6HELNEU0T","3K17V65Z3MTB787QKE0LDQZV1G9M8F","What emotion does this text convey?","What emotion does this text convey?","Happy/Joy, Excitement/Anticipation, Trust,  Fear,  Anger, Sadness","$0.01","Thu Mar 12 08:32:10 PDT 2020","3","BatchId:3953680;OriginalHitTemplateId:928390866;","240","172800","Sun Mar 15 08:32:10 PDT 2020","","","3L2IS5HSFBCYJGPEWSGCR19DKFFNUP","A3P04JZJNOYILR","Approved","Thu Mar 12 08:33:13 PDT 2020","Thu Mar 12 08:34:45 PDT 2020","Sat Mar 14 08:34:45 PDT 2020","Thu Mar 12 08:39:32 PDT 2020","","","92","100% (16/16)","100% (16/16)","100% (16/16)","i feel used","Anger"
"33QQ60S6ASCTC0ZD4K9CR6HELNEU0T","3K17V65Z3MTB787QKE0LDQZV1G9M8F","What emotion does this text convey?","What emotion does this text convey?","Happy/Joy, Excitement/Anticipation, Trust,  Fear,  Anger, Sadness","$0.01","Thu Mar 12 08:32:10 PDT 2020","3","BatchId:3953680;OriginalHitTemplateId:928390866;","240","172800","Sun Mar 15 08:32:10 PDT 2020","","","3LYA37P8IRHIFBV5ZO71UJ0L1Z3BKR","ATBGHQ2VYNIVZ","Approved","Thu Mar 12 08:33:10 PDT 2020","Thu Mar 12 08:33:16 PDT 2020","Sat Mar 14 08:33:16 PDT 2020","Thu Mar 12 08:39:32 PDT 2020","","","6","100% (9/9)","100% (9/9)","100% (9/9)","i feel used","Sadness"
"33QQ60S6ASCTC0ZD4K9CR6HELNEU0T","3K17V65Z3MTB787QKE0LDQZV1G9M8F","What emotion does this text convey?","What emotion does this text convey?","Happy/Joy, Excitement/Anticipation, Trust,  Fear,  Anger, Sadness","$0.01","Thu Mar 12 08:32:10 PDT 2020","3","BatchId:3953680;OriginalHitTemplateId:928390866;","240","172800","Sun Mar 15 08:32:10 PDT 2020","","","3PZDLQMM0UF680JLOIXS57K92KHC2D","A23K0YTNUJ0GKR","Approved","Thu Mar 12 08:34:00 PDT 2020","Thu Mar 12 08:34:14 PDT 2020","Sat Mar 14 08:34:14 PDT 2020","Thu Mar 12 08:39:32 PDT 2020","","","14","100% (3/3)","100% (3/3)","100% (3/3)","i feel used","Sadness"
"3HO4MYYR12IOQBLS69PT07R5YQ16U7","3K17V65Z3MTB787QKE0LDQZV1G9M8F","What emotion does this text convey?","What emotion does this text convey?","Happy/Joy, Excitement/Anticipation, Trust,  Fear,  Anger, Sadness","$0.01","Thu Mar 12 08:32:10 PDT 2020","3","BatchId:3953680;OriginalHitTemplateId:928390866;","240","172800","Sun Mar 15 08:32:10 PDT 2020","","","3E13VNJ1NOPQWINPXOT0BR8ZNJO1IO","AE3OGDBIWGFCS","Approved","Thu Mar 12 08:39:19 PDT 2020","Thu Mar 12 08:40:02 PDT 2020","Sat Mar 14 08:40:02 PDT 2020","Thu Mar 12 08:43:18 PDT 2020","","","43","100% (2/2)","100% (2/2)","100% (2/2)","Message to SusanWojcicki, TeamYouTube, bbcstudios, warnermusic, and UMPG...CopyrightIsBroken!  For olderbrother21, JhaSimba, nesman1985, RamosRazviel","Anger"
"3HO4MYYR12IOQBLS69PT07R5YQ16U7","3K17V65Z3MTB787QKE0LDQZV1G9M8F","What emotion does this text convey?","What emotion does this text convey?","Happy/Joy, Excitement/Anticipation, Trust,  Fear,  Anger, Sadness","$0.01","Thu Mar 12 08:32:10 PDT 2020","3","BatchId:3953680;OriginalHitTemplateId:928390866;","240","172800","Sun Mar 15 08:32:10 PDT 2020","","","3IXEICO793DBCI4XX64LKU1P6BJ6T7","A5E2P5F1AXYZ1","Approved","Thu Mar 12 08:33:28 PDT 2020","Thu Mar 12 08:34:04 PDT 2020","Sat Mar 14 08:34:04 PDT 2020","Thu Mar 12 08:39:34 PDT 2020","","","36","100% (3/3)","100% (3/3)","100% (3/3)","Message to SusanWojcicki, TeamYouTube, bbcstudios, warnermusic, and UMPG...CopyrightIsBroken!  For olderbrother21, JhaSimba, nesman1985, RamosRazviel","Anger"
"3HO4MYYR12IOQBLS69PT07R5YQ16U7","3K17V65Z3MTB787QKE0LDQZV1G9M8F","What emotion does this text convey?","What emotion does this text convey?","Happy/Joy, Excitement/Anticipation, Trust,  Fear,  Anger, Sadness","$0.01","Thu Mar 12 08:32:10 PDT 2020","3","BatchId:3953680;OriginalHitTemplateId:928390866;","240","172800","Sun Mar 15 08:32:10 PDT 2020","","","3VP0C6EFSHQ7ZNEDO939YG6XC3N6M6","A3P04JZJNOYILR","Approved","Thu Mar 12 08:33:19 PDT 2020","Thu Mar 12 08:35:31 PDT 2020","Sat Mar 14 08:35:31 PDT 2020","Thu Mar 12 08:39:34 PDT 2020","","","132","100% (16/16)","100% (16/16)","100% (16/16)","Message to SusanWojcicki, TeamYouTube, bbcstudios, warnermusic, and UMPG...CopyrightIsBroken!  For olderbrother21, JhaSimba, nesman1985, RamosRazviel","Excitement / Anticipation"
"3S8A4GJRD3XO3QASBZZYWTTOCXA6VW","3K17V65Z3MTB787QKE0LDQZV1G9M8F","What emotion does this text convey?","What emotion does this text convey?","Happy/Joy, Excitement/Anticipation, Trust,  Fear,  Anger, Sadness","$0.01","Thu Mar 12 08:32:10 PDT 2020","3","BatchId:3953680;OriginalHitTemplateId:928390866;","240","172800","Sun Mar 15 08:32:10 PDT 2020","","","37WLF8U1WQKC9ZEA3XQTJ3ETNYS6K1","ATBGHQ2VYNIVZ","Approved","Thu Mar 12 08:33:16 PDT 2020","Thu Mar 12 08:33:28 PDT 2020","Sat Mar 14 08:33:28 PDT 2020","Thu Mar 12 08:39:36 PDT 2020","","","12","100% (9/9)","100% (9/9)","100% (9/9)","Moroccan struggle life","Sadness"
"3S8A4GJRD3XO3QASBZZYWTTOCXA6VW","3K17V65Z3MTB787QKE0LDQZV1G9M8F","What emotion does this text convey?","What emotion does this text convey?","Happy/Joy, Excitement/Anticipation, Trust,  Fear,  Anger, Sadness","$0.01","Thu Mar 12 08:32:10 PDT 2020","3","BatchId:3953680;OriginalHitTemplateId:928390866;","240","172800","Sun Mar 15 08:32:10 PDT 2020","","","3IXQG4FA2USYYFCEVRGC4AM5Q5RB9X","A3P04JZJNOYILR","Approved","Thu Mar 12 08:33:01 PDT 2020","Thu Mar 12 08:33:16 PDT 2020","Sat Mar 14 08:33:16 PDT 2020","Thu Mar 12 08:39:36 PDT 2020","","","15","100% (16/16)","100% (16/16)","100% (16/16)","Moroccan struggle life","Sadness"
"3S8A4GJRD3XO3QASBZZYWTTOCXA6VW","3K17V65Z3MTB787QKE0LDQZV1G9M8F","What emotion does this text convey?","What emotion does this text convey?","Happy/Joy, Excitement/Anticipation, Trust,  Fear,  Anger, Sadness","$0.01","Thu Mar 12 08:32:10 PDT 2020","3","BatchId:3953680;OriginalHitTemplateId:928390866;","240","172800","Sun Mar 15 08:32:10 PDT 2020","","","3ZR9AIQJUC3WHM3SGGNW3LF6D9G408","A2TZAXWOB3JMNV","Approved","Thu Mar 12 08:33:45 PDT 2020","Thu Mar 12 08:33:53 PDT 2020","Sat Mar 14 08:33:53 PDT 2020","Thu Mar 12 08:39:36 PDT 2020","","","8","100% (20/20)","100% (20/20)","100% (20/20)","Moroccan struggle life","Sadness"
"388FBO7JZRNDE5BPFR8Z53J4P40YN6","3K17V65Z3MTB787QKE0LDQZV1G9M8F","What emotion does this text convey?","What emotion does this text convey?","Happy/Joy, Excitement/Anticipation, Trust,  Fear,  Anger, Sadness","$0.01","Thu Mar 12 08:32:10 PDT 2020","3","BatchId:3953680;OriginalHitTemplateId:928390866;","240","172800","Sun Mar 15 08:32:10 PDT 2020","","","339ANSOTR6WS2J9B5YZIG64YWPNIK7","A5E2P5F1AXYZ1","Approved","Thu Mar 12 08:33:08 PDT 2020","Thu Mar 12 08:33:27 PDT 2020","Sat Mar 14 08:33:27 PDT 2020","Thu Mar 12 08:39:32 PDT 2020","","","19","100% (3/3)","100% (3/3)","100% (3/3)","If you drive slower than the person behind you in the fast lane for ANY reason, and do not move over you are an a-hole. You should have your children removed from your household by CPS because it is child abuse to teach them that driving this way is acceptable. ","Anger"
"388FBO7JZRNDE5BPFR8Z53J4P40YN6","3K17V65Z3MTB787QKE0LDQZV1G9M8F","What emotion does this text convey?","What emotion does this text convey?","Happy/Joy, Excitement/Anticipation, Trust,  Fear,  Anger, Sadness","$0.01","Thu Mar 12 08:32:10 PDT 2020","3","BatchId:3953680;OriginalHitTemplateId:928390866;","240","172800","Sun Mar 15 08:32:10 PDT 2020","","","3IXQG4FA2USYYFCEVRGC4AM5Q5R9BV","A2PQV1A2D4CG52","Approved","Thu Mar 12 08:33:46 PDT 2020","Thu Mar 12 08:34:02 PDT 2020","Sat Mar 14 08:34:02 PDT 2020","Thu Mar 12 08:39:32 PDT 2020","","","16","100% (6/6)","100% (6/6)","100% (6/6)","If you drive slower than the person behind you in the fast lane for ANY reason, and do not move over you are an a-hole. You should have your children removed from your household by CPS because it is child abuse to teach them that driving this way is acceptable. ","Fear"
"388FBO7JZRNDE5BPFR8Z53J4P40YN6","3K17V65Z3MTB787QKE0LDQZV1G9M8F","What emotion does this text convey?","What emotion does this text convey?","Happy/Joy, Excitement/Anticipation, Trust,  Fear,  Anger, Sadness","$0.01","Thu Mar 12 08:32:10 PDT 2020","3","BatchId:3953680;OriginalHitTemplateId:928390866;","240","172800","Sun Mar 15 08:32:10 PDT 2020","","","3OVHNO1VE7V6J3SBDL1HCOCY8TSDZM","AOG0PUCLMU0HH","Approved","Thu Mar 12 08:33:33 PDT 2020","Thu Mar 12 08:33:44 PDT 2020","Sat Mar 14 08:33:44 PDT 2020","Thu Mar 12 08:39:33 PDT 2020","","","11","100% (12/12)","100% (12/12)","100% (12/12)","If you drive slower than the person behind you in the fast lane for ANY reason, and do not move over you are an a-hole. You should have your children removed from your household by CPS because it is child abuse to teach them that driving this way is acceptable. ","Anger"
"32CAVSKPCEJTJPKV03DC5B0OQFKU1W","3K17V65Z3MTB787QKE0LDQZV1G9M8F","What emotion does this text convey?","What emotion does this text convey?","Happy/Joy, Excitement/Anticipation, Trust,  Fear,  Anger, Sadness","$0.01","Thu Mar 12 08:32:10 PDT 2020","3","BatchId:3953680;OriginalHitTemplateId:928390866;","240","172800","Sun Mar 15 08:32:10 PDT 2020","","","34X6J5FLPUSA8XRC0L4FOTV78A4QJJ","A2TZAXWOB3JMNV","Approved","Thu Mar 12 08:33:53 PDT 2020","Thu Mar 12 08:33:59 PDT 2020","Sat Mar 14 08:33:59 PDT 2020","Thu Mar 12 08:39:31 PDT 2020","","","6","100% (20/20)","100% (20/20)","100% (20/20)","Me and my bitterness and resentment are a team.","Anger"
"32CAVSKPCEJTJPKV03DC5B0OQFKU1W","3K17V65Z3MTB787QKE0LDQZV1G9M8F","What emotion does this text convey?","What emotion does this text convey?","Happy/Joy, Excitement/Anticipation, Trust,  Fear,  Anger, Sadness","$0.01","Thu Mar 12 08:32:10 PDT 2020","3","BatchId:3953680;OriginalHitTemplateId:928390866;","240","172800","Sun Mar 15 08:32:10 PDT 2020","","","3KB8R4ZV1F1DDPZM9XMMWR8SUIMGBT","A3P04JZJNOYILR","Approved","Thu Mar 12 08:33:17 PDT 2020","Thu Mar 12 08:35:18 PDT 2020","Sat Mar 14 08:35:18 PDT 2020","Thu Mar 12 08:39:31 PDT 2020","","","121","100% (16/16)","100% (16/16)","100% (16/16)","Me and my bitterness and resentment are a team.","Anger"
"32CAVSKPCEJTJPKV03DC5B0OQFKU1W","3K17V65Z3MTB787QKE0LDQZV1G9M8F","What emotion does this text convey?","What emotion does this text convey?","Happy/Joy, Excitement/Anticipation, Trust,  Fear,  Anger, Sadness","$0.01","Thu Mar 12 08:32:10 PDT 2020","3","BatchId:3953680;OriginalHitTemplateId:928390866;","240","172800","Sun Mar 15 08:32:10 PDT 2020","","","3NLZY2D53QJG3NFC36GS488ZCZ9LQG","A20JVRNN0C4H12","Approved","Thu Mar 12 08:33:56 PDT 2020","Thu Mar 12 08:34:11 PDT 2020","Sat Mar 14 08:34:11 PDT 2020","Thu Mar 12 08:39:32 PDT 2020","","","15","100% (1/1)","100% (1/1)","100% (1/1)","Me and my bitterness and resentment are a team.","Sadness"
"3S37Y8CWI8UN3S6JILBFLXSONF5W4A","3K17V65Z3MTB787QKE0LDQZV1G9M8F","What emotion does this text convey?","What emotion does this text convey?","Happy/Joy, Excitement/Anticipation, Trust,  Fear,  Anger, Sadness","$0.01","Thu Mar 12 08:32:10 PDT 2020","3","BatchId:3953680;OriginalHitTemplateId:928390866;","240","172800","Sun Mar 15 08:32:10 PDT 2020","","","369J354OFE477DIRD65ELBM0GHB6GY","A3P04JZJNOYILR","Approved","Thu Mar 12 08:33:09 PDT 2020","Thu Mar 12 08:34:14 PDT 2020","Sat Mar 14 08:34:14 PDT 2020","Thu Mar 12 08:39:36 PDT 2020","","","65","100% (16/16)","100% (16/16)","100% (16/16)","Angry Birds Rio App Apes Review.","Excitement / Anticipation"
"3S37Y8CWI8UN3S6JILBFLXSONF5W4A","3K17V65Z3MTB787QKE0LDQZV1G9M8F","What emotion does this text convey?","What emotion does this text convey?","Happy/Joy, Excitement/Anticipation, Trust,  Fear,  Anger, Sadness","$0.01","Thu Mar 12 08:32:10 PDT 2020","3","BatchId:3953680;OriginalHitTemplateId:928390866;","240","172800","Sun Mar 15 08:32:10 PDT 2020","","","3G0WWMR1UWE6RNIXFJW7H0COHU9QNN","A2PQV1A2D4CG52","Approved","Thu Mar 12 08:34:02 PDT 2020","Thu Mar 12 08:34:10 PDT 2020","Sat Mar 14 08:34:10 PDT 2020","Thu Mar 12 08:39:36 PDT 2020","","","8","100% (6/6)","100% (6/6)","100% (6/6)","Angry Birds Rio App Apes Review.","Anger"
"3S37Y8CWI8UN3S6JILBFLXSONF5W4A","3K17V65Z3MTB787QKE0LDQZV1G9M8F","What emotion does this text convey?","What emotion does this text convey?","Happy/Joy, Excitement/Anticipation, Trust,  Fear,  Anger, Sadness","$0.01","Thu Mar 12 08:32:10 PDT 2020","3","BatchId:3953680;OriginalHitTemplateId:928390866;","240","172800","Sun Mar 15 08:32:10 PDT 2020","","","3VHP9MDGROEQ9UVXCDCZPQEYBOMCFX","ANS8B7J9GNA2W","Approved","Thu Mar 12 08:34:51 PDT 2020","Thu Mar 12 08:35:16 PDT 2020","Sat Mar 14 08:35:16 PDT 2020","Thu Mar 12 08:39:36 PDT 2020","","","25","100% (2/2)","100% (2/2)","100% (2/2)","Angry Birds Rio App Apes Review.","Excitement / Anticipation"
"3KVQ0UJWPXF5ZBAJWQUPQPY2NB0W5F","3K17V65Z3MTB787QKE0LDQZV1G9M8F","What emotion does this text convey?","What emotion does this text convey?","Happy/Joy, Excitement/Anticipation, Trust,  Fear,  Anger, Sadness","$0.01","Thu Mar 12 08:32:10 PDT 2020","3","BatchId:3953680;OriginalHitTemplateId:928390866;","240","172800","Sun Mar 15 08:32:10 PDT 2020","","","3DL65MZB8E9Y3GV1H2ST78TYZN7ECH","ARCNJKJ3GV2EG","Approved","Thu Mar 12 08:33:59 PDT 2020","Thu Mar 12 08:34:14 PDT 2020","Sat Mar 14 08:34:14 PDT 2020","Thu Mar 12 08:39:34 PDT 2020","","","15","100% (1/1)","100% (1/1)","100% (1/1)","dear #humans of the #world. we all got shit to deal with. it's easy to get #angry at others. it happens. #please be #kind to each other, and push those away that want to hurt others <3","Trust / Faith"
"3KVQ0UJWPXF5ZBAJWQUPQPY2NB0W5F","3K17V65Z3MTB787QKE0LDQZV1G9M8F","What emotion does this text convey?","What emotion does this text convey?","Happy/Joy, Excitement/Anticipation, Trust,  Fear,  Anger, Sadness","$0.01","Thu Mar 12 08:32:10 PDT 2020","3","BatchId:3953680;OriginalHitTemplateId:928390866;","240","172800","Sun Mar 15 08:32:10 PDT 2020","","","3HMIGG0U4M0UXIMF0ROICPPVR8R8YK","A3P04JZJNOYILR","Approved","Thu Mar 12 08:33:21 PDT 2020","Thu Mar 12 08:35:43 PDT 2020","Sat Mar 14 08:35:43 PDT 2020","Thu Mar 12 08:39:34 PDT 2020","","","142","100% (16/16)","100% (16/16)","100% (16/16)","dear #humans of the #world. we all got shit to deal with. it's easy to get #angry at others. it happens. #please be #kind to each other, and push those away that want to hurt others <3","Anger"
"3KVQ0UJWPXF5ZBAJWQUPQPY2NB0W5F","3K17V65Z3MTB787QKE0LDQZV1G9M8F","What emotion does this text convey?","What emotion does this text convey?","Happy/Joy, Excitement/Anticipation, Trust,  Fear,  Anger, Sadness","$0.01","Thu Mar 12 08:32:10 PDT 2020","3","BatchId:3953680;OriginalHitTemplateId:928390866;","240","172800","Sun Mar 15 08:32:10 PDT 2020","","","3WOKGM4L72A0LFDAZ025HJLBU0GO02","A2TZAXWOB3JMNV","Approved","Thu Mar 12 08:33:22 PDT 2020","Thu Mar 12 08:33:28 PDT 2020","Sat Mar 14 08:33:28 PDT 2020","Thu Mar 12 08:39:34 PDT 2020","","","6","100% (20/20)","100% (20/20)","100% (20/20)","dear #humans of the #world. we all got shit to deal with. it's easy to get #angry at others. it happens. #please be #kind to each other, and push those away that want to hurt others <3","Anger"